Spectrum Books Pvt.Ltd.,https://www.amazon.in/Yuval-Noah-Harari/e/B00J21BCIW,$ 213.00
Arun Tiwari,https://www.amazon.in/Yuval-Noah-Harari/e/B00J21BCIW,$ 182.00
Yuval Noah Harari,https://www.amazon.in/Yuval-Noah-Harari/e/B00J21BCIW,$ 399.00
Stephen Hawking,https://www.amazon.in/Stephen-Hawking/e/B000AP5X0M,$ 143.00
Khaled Hosseini,https://www.amazon.in/Khaled-Hosseini/e/B001HCX9N0,$ 284.00
Spectrum Editorial Team,https://www.amazon.in/Mitch-Albom/e/B000AQ79EY,$ 226.00
Mitch Albom,https://www.amazon.in/Mitch-Albom/e/B000AQ79EY,$ 177.00
Michelle Obama,https://www.amazon.in/Michelle-Obama/e/B07B436TLF,$ 704.00
Anne Frank,https://www.amazon.in/Anne-Frank/e/B000AQ51EY,$ 149.00
Sudha Murty,https://www.amazon.in/Elena-Favilli/e/B06WRSLVH5,$ 228.00
Elena Favilli,https://www.amazon.in/Elena-Favilli/e/B06WRSLVH5,$ 677.00
A.P.J. Abdul Kalam,https://www.amazon.in/A-P-J-Abdul-Kalam/e/B001H9RNS0,$ 148.00
Viktor E Frankl,https://www.amazon.in/Viktor-E-Frankl/e/B000APVZJU,$ 259.00
Anurag Pathak,https://www.amazon.in/Viktor-E-Frankl/e/B000APVZJU,$ 140.00
Mahatma Gandhi,https://www.amazon.in/Viktor-E-Frankl/e/B000APVZJU,$ 149.00
Viktor E Frankl,https://www.amazon.in/Viktor-E-Frankl/e/B000APVZJU,$ 315.00
Stephen Hawking,https://www.amazon.in/Stephen-Hawking/e/B000AP5X0M,$ 299.00
Paramahansa Yogananda,https://www.amazon.in/Paramahansa-Yogananda/e/B00KC1KO80,$ 139.00
Bhagat Singh,https://www.amazon.in/Bhagat-Singh/e/B001JOCYDC,$ 91.00
Walter Isaacson,https://www.amazon.in/Walter-Isaacson/e/B000APFLB8,$ 346.00
Sheryl Sandberg,https://www.amazon.in/Sheryl-Sandberg/e/B00ABPQ27Y,$ 423.00
R.S. Sharma,https://www.amazon.in/Yuval-Noah-Harari/e/B00J21BCIW,$ 223.00
Yuval Noah Harari,https://www.amazon.in/Yuval-Noah-Harari/e/B00J21BCIW,$ 415.00
A.P.J. Abdul Kalam,https://www.amazon.in/A-P-J-Abdul-Kalam/e/B001H9RNS0,$ 131.00
Wonder House Books,https://www.amazon.in/Yuval-Noah-Harari/e/B00J21BCIW,$ 105.00
Yuval Noah Harari,https://www.amazon.in/Yuval-Noah-Harari/e/B00J21BCIW,$ 461.00
Bipan Chandra,https://www.amazon.in/Bipan-Chandra/e/B001HQ5V82,$ 299.00
Sudha Murty,https://www.amazon.in/Phil-Knight/e/B0034PP6IY,$ 235.00
Phil Knight,https://www.amazon.in/Phil-Knight/e/B0034PP6IY,$ 248.00
Subhadra Sen Gupta,https://www.amazon.in/Subhadra-Sen-Gupta/e/B001ICIDEY,$ 147.00
Elena Favilli,https://www.amazon.in/Paul-Kalanithi/e/B01AHWVGDU,$ 512.00
Paul Kalanithi,https://www.amazon.in/Paul-Kalanithi/e/B01AHWVGDU,$ 479.00
Brian Weiss,https://www.amazon.in/Trevor-Noah/e/B01F6FCBY6,$ 246.00
Trevor Noah,https://www.amazon.in/Trevor-Noah/e/B01F6FCBY6,$ 319.00
Shashi Tharoor,https://www.amazon.in/Shashi-Tharoor/e/B00MATWD6S,$ 550.00
Randy Pausch,https://www.amazon.in/Randy-Pausch/e/B001ILIELW,$ 196.00
सद्गुरु,https://www.amazon.in/William-Dalrymple/e/B000API5E8,$ 149.00
William Dalrymple,https://www.amazon.in/William-Dalrymple/e/B000API5E8,$ 454.00
Marjane Satrapi,https://www.amazon.in/Marjane-Satrapi/e/B001IGFN9I,$ 471.00
Arundhati Roy,https://www.amazon.in/Arundhati-Roy/e/B000AP7ZT4,$ 320.00
Tara Westover,https://www.amazon.in/Tara-Westover/e/B077BBP4HP,$ 379.00
Roald Dahl,https://www.amazon.in/Roald-Dahl/e/B000AQ0WGQ,$ 315.00
Shashi Tharoor,https://www.amazon.in/Shashi-Tharoor/e/B00MATWD6S,$ 399.00
Wonder House Books,https://www.amazon.in/Simon-Sinek/e/B002CB2SDC,$ 105.00
Simon Sinek,https://www.amazon.in/Simon-Sinek/e/B002CB2SDC,$ 468.00
Ajay K. Pandey,https://www.amazon.in/Ajay-K-Pandey/e/B01KV8QMUM,$ 146.00
Jawaharlal Nehru,https://www.amazon.in/Jawaharlal-Nehru/e/B001JSEFTY,$ 419.00
Charles Darwin,https://www.amazon.in/Charles-Darwin/e/B000AQ3LK0,$ 189.00
Ramachandra Guha,https://www.amazon.in/Ramachandra-Guha/e/B001IR1CXI,$ 450.00
Stephen Hawking,https://www.amazon.in/Stephen-Hawking/e/B000AP5X0M,$ 370.00
