Model,Link,Link,Price,Currency,City
Mercedes-Benz S 320,https://kolesa.kz/a/show/111507708,https://kolesa.kz/a/show/111507708,3 800 000₸,₸,Тараз
Mercedes-Benz S 320,https://kolesa.kz/a/show/111809020,https://kolesa.kz/a/show/111809020,2 350 000₸,₸,Тараз
Mercedes-Benz S 320,https://kolesa.kz/a/show/110794977,https://kolesa.kz/a/show/110794977,3 300 000₸,₸,Тараз
Mercedes-Benz S 320,https://kolesa.kz/a/show/111754072,https://kolesa.kz/a/show/111754072,2 000 000₸,₸,Тараз
Mercedes-Benz S 320,https://kolesa.kz/a/show/111760983,https://kolesa.kz/a/show/111760983,2 700 000₸,₸,Тараз
Mercedes-Benz S 320,https://kolesa.kz/a/show/111785314,https://kolesa.kz/a/show/111785314,3 700 000₸,₸,Тараз
Mercedes-Benz S 320,https://kolesa.kz/a/show/111781738,https://kolesa.kz/a/show/111781738,2 200 000₸,₸,Тараз
Mercedes-Benz S 320,https://kolesa.kz/a/show/111774998,https://kolesa.kz/a/show/111774998,2 000 000₸,₸,Тараз
Mercedes-Benz S 320,https://kolesa.kz/a/show/99092618,https://kolesa.kz/a/show/99092618,2 500 000₸,₸,Тараз
Mercedes-Benz S 320,https://kolesa.kz/a/show/111747226,https://kolesa.kz/a/show/111747226,2 200 000₸,₸,Тараз
Mercedes-Benz S 320,https://kolesa.kz/a/show/111733169,https://kolesa.kz/a/show/111733169,3 300 000₸,₸,Тараз
Mercedes-Benz S 320,https://kolesa.kz/a/show/111409560,https://kolesa.kz/a/show/111409560,2 000 000₸,₸,Тараз
Mercedes-Benz S 320,https://kolesa.kz/a/show/111701720,https://kolesa.kz/a/show/111701720,2 500 000₸,₸,Тараз
Mercedes-Benz S 320,https://kolesa.kz/a/show/111701177,https://kolesa.kz/a/show/111701177,2 700 000₸,₸,Тараз
Mercedes-Benz S 320,https://kolesa.kz/a/show/111694491,https://kolesa.kz/a/show/111694491,3 100 000₸,₸,Тараз
Mercedes-Benz S 320,https://kolesa.kz/a/show/111694728,https://kolesa.kz/a/show/111694728,3 000 000₸,₸,Тараз
Mercedes-Benz S 320,https://kolesa.kz/a/show/111686915,https://kolesa.kz/a/show/111686915,1 800 000₸,₸,Тараз
Mercedes-Benz S 320,https://kolesa.kz/a/show/111680017,https://kolesa.kz/a/show/111680017,3 000 000₸,₸,Тараз
Mercedes-Benz S 320,https://kolesa.kz/a/show/111673611,https://kolesa.kz/a/show/111673611,2 500 000₸,₸,Тараз
Mercedes-Benz S 320,https://kolesa.kz/a/show/111664018,https://kolesa.kz/a/show/111664018,2 300 000₸,₸,Тараз
Mercedes-Benz S 320,https://kolesa.kz/a/show/111315723,https://kolesa.kz/a/show/111315723,2 300 000₸,₸,Тараз
Mercedes-Benz S 320,https://kolesa.kz/a/show/111656455,https://kolesa.kz/a/show/111656455,3 900 000₸,₸,Тараз
Mercedes-Benz S 320,https://kolesa.kz/a/show/111650771,https://kolesa.kz/a/show/111650771,2 800 000₸,₸,Тараз
Mercedes-Benz S 320,https://kolesa.kz/a/show/111646445,https://kolesa.kz/a/show/111646445,2 500 000₸,₸,Тараз
Mercedes-Benz S 320,https://kolesa.kz/a/show/108278453,https://kolesa.kz/a/show/108278453,3 000 000₸,₸,Тараз
Mercedes-Benz S 320,https://kolesa.kz/a/show/111634269,https://kolesa.kz/a/show/111634269,3 300 000₸,₸,Тараз
Mercedes-Benz S 320,https://kolesa.kz/a/show/111624210,https://kolesa.kz/a/show/111624210,3 100 000₸,₸,Тараз
Mercedes-Benz S 320,https://kolesa.kz/a/show/111587157,https://kolesa.kz/a/show/111587157,2 200 000₸,₸,Тараз
Mercedes-Benz S 320,https://kolesa.kz/a/show/111607140,https://kolesa.kz/a/show/111607140,4 500 000₸,₸,Тараз
Mercedes-Benz S 320,https://kolesa.kz/a/show/110277150,https://kolesa.kz/a/show/110277150,3 000 000₸,₸,Тараз
Mercedes-Benz S 320,https://kolesa.kz/a/show/111345562,https://kolesa.kz/a/show/111345562,3 300 000₸,₸,Тараз
Mercedes-Benz S 320,https://kolesa.kz/a/show/111596571,https://kolesa.kz/a/show/111596571,2 800 000₸,₸,Тараз
Mercedes-Benz S 320,https://kolesa.kz/a/show/110232532,https://kolesa.kz/a/show/110232532,3 000 000₸,₸,Тараз
Mercedes-Benz S 320,https://kolesa.kz/a/show/111398003,https://kolesa.kz/a/show/111398003,4 000 000₸,₸,Тараз
Mercedes-Benz S 320,https://kolesa.kz/a/show/111555816,https://kolesa.kz/a/show/111555816,3 700 000₸,₸,Тараз
Mercedes-Benz S 320,https://kolesa.kz/a/show/109402799,https://kolesa.kz/a/show/109402799,4 000 000₸,₸,Тараз
Mercedes-Benz S 320,https://kolesa.kz/a/show/111543880,https://kolesa.kz/a/show/111543880,3 500 000₸,₸,Тараз
Mercedes-Benz S 320,https://kolesa.kz/a/show/111536766,https://kolesa.kz/a/show/111536766,3 200 000₸,₸,Тараз
